page,r_number,acres
11,R11032,1987.1
11,R16937,1847
11,R16920,9.59
11,R18466,4.857
11,R16912,50
11,R16665,50
11,R16659,10.41
12,R16668,6.875
12,R76849,80
12,R19685,165.47
12,R16748,94.592
12,R61586,53.732
12,R68877,1.92
12,R68016,240.769
12,R15270,5
12,R64193,57
12,R11035,10
13,R11031,8
13,R18984,194.747
13,R18986,722.85
13,R18988,7.5
13,R18979,30.71
13,R18978,130.78
13,R40130,20.252
13,R79143,7.12
13,R72676,70
14,R18854,697.267
14,R77314,85.66
14,R18467,163.176
14,R77167,183.21
14,R18465,25
14,R53301,5.64
14,R18458,456.61
14,R18463,20.57
14,R18469,32
15,R16662,18
15,R16663,50
15,R72935,428.635
15,R76979,483.798
15,R78357,97.866
15,R76980,144
15,R76977,88.6
15,R78356,18.06
15,R16899,372.23
16,R16926,15.43
16,R16900,19.196
16,R16917,3.961
16,R16916,3.961
16,R75487,9.5
16,R71038,1
16,R59865,87.66
16,R35755,43.7735
16,R16895,41.8896
17,R16934,97.0987
17,R16898,29.913
17,R16906,52.995
17,R72276,53.07
17,R16928,55.2
17,R58461,9.59
17,R16929,9.6
17,R68306,2.759
17,R16925,45.6
17,R16903,44.86
18,R16922,17.18
18,R16908,34.37
18,R16910,7.25
18,R16911,7.25
18,R16927,7.24
18,R16921,14.5
18,R15521,42.681
18,R15525,377.863
18,R54983,9.998
19,R15527,7.4655
19,R39002,10.17
19,R73484,29.08
19,R63072,24
19,R18468,1
19,R18464,118.509
19,R20058,249.73
19,R20059,73.24
20,R63073,305.61
20,R61210,134.5
20,R78739,376.42
20,R71899,40
20,R71900,27.63
20,R69720,26.63
20,R76053,43.47
20,R70995,15.94
20,R70996,15.94
21,R70997,15.94
21,R16742,15.94
21,R70999,15.94
21,R70998,15.94
21,R16752,4.249
21,R16747,2.03
21,R68015,371.31
21,R61793,90.18
21,R16743,50.41
21,R16751,106.918
22,R65906,56.695
22,R16745,81.758
22,R20083,4.74
22,R16223,104.78
22,R16220,1300.82
22,R15851,160
22,R17888,123.869
22,R16228,40
22,R16229,1
22,R35400,58
23,R18243,164.16
23,R19751,431.28
23,R11026,50.15
23,R11030,73.3
23,R11036,92.3
23,R11028,94.25
23,R74051,17.07
23,R19038,15
23,R11024,66.76
23,R65800,62.18
24,R65801,62.18
24,R18063,81.8
24,R18066,8.5
24,R18073,12.764
24,R18070,117
24,R15272,248
24,R15266,70
24,R11025,305.83
24,R11029,105.6
24,R11023,106.57
25,R11033,31.35
25,R76745,2
25,R11037,34.14
25,R74050,34.14
25,R74101,17.07
25,R78508,68.24
25,R65799,41.45
25,R65798,41.45
25,R65797,41.45
25,R18068,300
26,R18060,50
26,R11022,214.6
26,R11020,1006.24
26,R18076,54.048
26,R18065,49.769
26,R18064,50.19
26,R18078,52
26,R18059,100
26,R19187,8
26,R19188,8
26,R19189,8
27,R76107,256.33
27,R76106,256.33
27,R11034,256.34
27,R72368,132.55
27,R19706,515.89
27,R19673,5.868
27,R16753,50.41
27,R18453,111.16
27,R76978,19.68
28,R79195,9.556
28,R76976,114.39
28,R76740,1.5794
28,R76986,14.983
28,R16902,37.44
28,R16918,17.472
28,R77746,2.859
28,R16904,4
28,R79467,15
29,R79466,15
29,R15278,9.46
29,R59051,89.54
29,R15279,104.95
29,R19345,157.75
29,R15271,217.55
29,R38394,35.06
29,R15274,68.238
29,R38466,89.99
29,R15275,8.92
30,R15280,1.09
30,R59056,10
30,R18072,50
30,R18062,10
30,R59054,10
30,R59055,10
30,R78534,20
30,R18061,55.77
30,R18074,75.32
30,R18071,47.08
31,R19324,444.95
31,R18244,119.071
31,R18245,19.84
31,R15812,15
31,R15813,15
31,R15814,15
