infrastructure,within_miles,parcels,buildable_acres,share_of_buildable_percent,acres_within_15_minutes,acres_15_to_30_minutes,acres_30_to_60_minutes
Gas transmission pipeline,1,7045,138973,35.7,17117,59882,61973
Gas transmission pipeline,3,17529,261867,67.2,31135,101544,129142
Gas transmission pipeline,5,21631,323025,82.9,32447,133541,156991
138 or 345 kV power line,1,13368,190557,48.9,22109,84851,83551
138 or 345 kV power line,3,22068,316165,81.2,30987,136856,148276
138 or 345 kV power line,5,24332,372126,95.5,32926,159827,179327
State highway,1,11346,131185,33.7,23195,49827,58116
State highway,3,17462,254004,65.2,31484,101215,121258
State highway,5,22651,329155,84.5,32672,136517,159919
