drive_time_ring,size_class,state_road_frontage,tax_roll_improvement,parcels,buildable_acres
Within 15 minutes,Under 5 acres,No state road frontage,Building or improvement on the tax roll,540,944
Within 15 minutes,Under 5 acres,No state road frontage,No improvement on the tax roll,308,470
Within 15 minutes,Under 5 acres,Touches a state highway or FM road,Building or improvement on the tax roll,307,530
Within 15 minutes,Under 5 acres,Touches a state highway or FM road,No improvement on the tax roll,177,252
Within 15 minutes,5 to 20 acres,No state road frontage,Building or improvement on the tax roll,195,2144
Within 15 minutes,5 to 20 acres,No state road frontage,No improvement on the tax roll,137,1540
Within 15 minutes,5 to 20 acres,Touches a state highway or FM road,Building or improvement on the tax roll,147,1585
Within 15 minutes,5 to 20 acres,Touches a state highway or FM road,No improvement on the tax roll,107,1129
Within 15 minutes,20 to 100 acres,No state road frontage,Building or improvement on the tax roll,80,3378
Within 15 minutes,20 to 100 acres,No state road frontage,No improvement on the tax roll,79,3453
Within 15 minutes,20 to 100 acres,Touches a state highway or FM road,Building or improvement on the tax roll,99,4910
Within 15 minutes,20 to 100 acres,Touches a state highway or FM road,No improvement on the tax roll,68,3166
Within 15 minutes,100 acres or more,No state road frontage,Building or improvement on the tax roll,13,1931
Within 15 minutes,100 acres or more,No state road frontage,No improvement on the tax roll,11,1957
Within 15 minutes,100 acres or more,Touches a state highway or FM road,Building or improvement on the tax roll,17,3834
Within 15 minutes,100 acres or more,Touches a state highway or FM road,No improvement on the tax roll,11,1701
15 to 30 minutes,Under 5 acres,No state road frontage,Building or improvement on the tax roll,3857,3559
15 to 30 minutes,Under 5 acres,No state road frontage,No improvement on the tax roll,1640,1816
15 to 30 minutes,Under 5 acres,Touches a state highway or FM road,Building or improvement on the tax roll,1045,1441
15 to 30 minutes,Under 5 acres,Touches a state highway or FM road,No improvement on the tax roll,458,567
15 to 30 minutes,5 to 20 acres,No state road frontage,Building or improvement on the tax roll,958,9744
15 to 30 minutes,5 to 20 acres,No state road frontage,No improvement on the tax roll,608,6396
15 to 30 minutes,5 to 20 acres,Touches a state highway or FM road,Building or improvement on the tax roll,384,3958
15 to 30 minutes,5 to 20 acres,Touches a state highway or FM road,No improvement on the tax roll,201,2163
15 to 30 minutes,20 to 100 acres,No state road frontage,Building or improvement on the tax roll,423,18807
15 to 30 minutes,20 to 100 acres,No state road frontage,No improvement on the tax roll,421,18969
15 to 30 minutes,20 to 100 acres,Touches a state highway or FM road,Building or improvement on the tax roll,303,13758
15 to 30 minutes,20 to 100 acres,Touches a state highway or FM road,No improvement on the tax roll,158,7448
15 to 30 minutes,100 acres or more,No state road frontage,Building or improvement on the tax roll,101,19975
15 to 30 minutes,100 acres or more,No state road frontage,No improvement on the tax roll,107,21585
15 to 30 minutes,100 acres or more,Touches a state highway or FM road,Building or improvement on the tax roll,90,23295
15 to 30 minutes,100 acres or more,Touches a state highway or FM road,No improvement on the tax roll,32,6921
30 to 60 minutes,Under 5 acres,No state road frontage,Building or improvement on the tax roll,2724,4819
30 to 60 minutes,Under 5 acres,No state road frontage,No improvement on the tax roll,4966,4248
30 to 60 minutes,Under 5 acres,Touches a state highway or FM road,Building or improvement on the tax roll,190,341
30 to 60 minutes,Under 5 acres,Touches a state highway or FM road,No improvement on the tax roll,190,305
30 to 60 minutes,5 to 20 acres,No state road frontage,Building or improvement on the tax roll,1136,11690
30 to 60 minutes,5 to 20 acres,No state road frontage,No improvement on the tax roll,755,8053
30 to 60 minutes,5 to 20 acres,Touches a state highway or FM road,Building or improvement on the tax roll,154,1727
30 to 60 minutes,5 to 20 acres,Touches a state highway or FM road,No improvement on the tax roll,103,1183
30 to 60 minutes,20 to 100 acres,No state road frontage,Building or improvement on the tax roll,565,25976
30 to 60 minutes,20 to 100 acres,No state road frontage,No improvement on the tax roll,611,27876
30 to 60 minutes,20 to 100 acres,Touches a state highway or FM road,Building or improvement on the tax roll,161,7546
30 to 60 minutes,20 to 100 acres,Touches a state highway or FM road,No improvement on the tax roll,94,4445
30 to 60 minutes,100 acres or more,No state road frontage,Building or improvement on the tax roll,183,43189
30 to 60 minutes,100 acres or more,No state road frontage,No improvement on the tax roll,138,29300
30 to 60 minutes,100 acres or more,Touches a state highway or FM road,Building or improvement on the tax roll,79,19335
30 to 60 minutes,100 acres or more,Touches a state highway or FM road,No improvement on the tax roll,25,6116
Beyond 60 minutes,20 to 100 acres,No state road frontage,Building or improvement on the tax roll,1,46
