r_number,in_proposed_packet,in_final_order
R11020,yes,yes
R11022,yes,yes
R11023,yes,yes
R11024,yes,yes
R11025,yes,yes
R11026,yes,yes
R11028,yes,yes
R11029,yes,yes
R11030,yes,yes
R11031,yes,yes
R11032,yes,yes
R11033,yes,yes
R11034,yes,yes
R11035,yes,yes
R11036,yes,yes
R11037,yes,yes
R15266,yes,yes
R15270,yes,yes
R15271,yes,yes
R15272,yes,yes
R15274,yes,yes
R15275,yes,yes
R15278,yes,yes
R15279,yes,yes
R15280,yes,yes
R15521,yes,yes
R15525,yes,yes
R15527,yes,yes
R15812,yes,yes
R15813,yes,yes
R15814,yes,yes
R15851,yes,yes
R16220,yes,yes
R16223,yes,yes
R16228,yes,yes
R16229,yes,yes
R16659,yes,yes
R16662,yes,yes
R16663,yes,yes
R16665,yes,yes
R16668,yes,yes
R16742,yes,yes
R16743,yes,yes
R16745,yes,yes
R16747,yes,yes
R16748,yes,yes
R16751,yes,yes
R16752,yes,yes
R16753,yes,yes
R16895,yes,yes
R16898,yes,yes
R16899,yes,yes
R16900,yes,yes
R16902,yes,yes
R16903,yes,yes
R16904,yes,yes
R16906,yes,yes
R16908,yes,yes
R16910,yes,yes
R16911,yes,yes
R16912,yes,yes
R16916,yes,yes
R16917,yes,yes
R16918,yes,yes
R16920,yes,yes
R16921,yes,yes
R16922,yes,yes
R16925,yes,yes
R16926,yes,yes
R16927,yes,yes
R16928,yes,yes
R16929,yes,yes
R16934,yes,yes
R16937,yes,yes
R17888,yes,yes
R18059,yes,yes
R18060,yes,yes
R18061,yes,yes
R18062,yes,yes
R18063,yes,yes
R18064,yes,yes
R18065,yes,yes
R18066,yes,yes
R18068,yes,yes
R18070,yes,yes
R18071,yes,yes
R18072,yes,yes
R18073,yes,yes
R18074,yes,yes
R18076,yes,yes
R18078,yes,yes
R18243,yes,yes
R18244,yes,yes
R18245,yes,yes
R18453,yes,yes
R18458,yes,yes
R18463,yes,yes
R18464,yes,yes
R18465,yes,yes
R18466,yes,yes
R18467,yes,yes
R18468,yes,yes
R18469,yes,yes
R18854,yes,yes
R18978,yes,yes
R18979,yes,yes
R18984,yes,yes
R18986,yes,yes
R18988,yes,yes
R19038,yes,yes
R19187,yes,yes
R19188,yes,yes
R19189,yes,yes
R19324,yes,yes
R19345,yes,yes
R19673,no,yes
R19685,yes,yes
R19706,yes,yes
R19751,yes,yes
R20058,yes,yes
R20059,yes,yes
R20083,yes,yes
R35400,yes,yes
R35755,yes,yes
R38394,yes,yes
R38466,yes,yes
R39002,yes,yes
R40130,yes,yes
R53301,yes,yes
R54983,yes,yes
R58461,yes,yes
R59051,yes,yes
R59054,yes,yes
R59055,yes,yes
R59056,yes,yes
R59865,yes,yes
R61210,yes,yes
R61586,yes,yes
R61793,yes,yes
R63072,yes,yes
R63073,yes,yes
R64193,yes,yes
R65797,yes,yes
R65798,yes,yes
R65799,yes,yes
R65800,yes,yes
R65801,yes,yes
R65906,yes,yes
R68015,yes,yes
R68016,yes,yes
R68306,yes,yes
R68877,yes,yes
R69720,yes,yes
R70995,yes,yes
R70996,yes,yes
R70997,yes,yes
R70998,yes,yes
R70999,yes,yes
R71038,yes,yes
R71899,yes,yes
R71900,yes,yes
R72276,yes,yes
R72368,yes,yes
R72676,yes,yes
R72935,yes,yes
R73484,yes,yes
R74050,yes,yes
R74051,yes,yes
R74101,yes,yes
R75487,yes,yes
R76053,yes,yes
R76106,yes,yes
R76107,yes,yes
R76740,yes,yes
R76745,yes,yes
R76849,yes,yes
R76976,yes,yes
R76977,yes,yes
R76978,yes,yes
R76979,yes,yes
R76980,yes,yes
R76986,yes,yes
R77167,yes,yes
R77314,yes,yes
R77746,yes,yes
R78356,yes,yes
R78357,yes,yes
R78508,yes,yes
R78534,yes,yes
R78739,yes,yes
R79143,yes,yes
R79195,yes,yes
R79466,yes,yes
R79467,yes,yes
